id;gender;nombre;nombre;Apellido1;Apellido2;handle;desc;Partido;gobierno_central;gobierno_auto
1;0;Victor P√≠riz Maya;Victor;P√≠riz;Maya;vicpiriz1975;Padre, economista, maratoniano, madridista, Extreme√±o y ahora Diputado en Madrid. Defensor de la custodia compartida. #I+D+i #Europa #PP             ;PP;1;0
2;0;Celso Delgado Arce;Celso;Delgado;Arce;CelsoDelgadoOU;Diputado Nacional del @PPopular en @Congreso_Es por Ourense en XII Legislatura. Abogado.             ;PP;1;0
3;1;Rocio de Frutos;Rocio;de;Frutos;RociodeFrutos;Inspectora de Trabajo desde hace 25 a√±os. Toda mi vida luchando por los derechos de los trabajadores. Diputada del PSdeG-PSOE por Ourense en el Congreso.             ;PSOE;0;0
4;0;Miguel Lorenzo;Miguel;Lorenzo;;MLorenzo2017;Diputado del PP en el Congreso de los Diputados por A Coru√±a. Represento a mis vecinos en el Ayuntamiento, y ahora tambi√©n llevar√© su voz a Madrid. Abogado.             ;PP;1;0
5;1;Marta Rivera;Marta;Rivera;;CiudadanaMartaR;Diputada en Cortes por Ciudadanos. Portavoz de Cultura en la Ejecutiva Nacional. Presidenta de la Comisi√≥n de Cultura en el Congreso. Mucho por hacer.             ;Cs;0;0
6;0;M. Monereo;M.;Monereo;;ManoloMonereo;Andaluz nacido en Ja√©n. Comunista. Diputado de Unid@s Podemos por C√≥rdoba. Haciendo posible lo imposible.             ;Ps;0;0
7;1;Meritxell Batet;Meritxell;Batet;;AmbBatet;Perfil de Meritxell Batet, diputada del Grup Socialista al Congr√©s. Secret√†ria d'Impuls Federal del PSC. Gestionat pel seu equip.             ;PSOE;0;0
8;0;Jorge Fern√°ndez D√≠az;Jorge;Fern√°ndez;D√≠az;JorgeFdezDiaz;Partido Popular de Catalunya             ;PP;1;0
9;1;Irene Garrido;Irene;Garrido;;garridoirene1;Secretaria de Estado de Econom√≠a y Apoyo a la Empresa. Ministerio de Econom√≠a, Industria y Competitividad. Cuenta oficial             ;PP;1;0
10;0;Eduardo Fern√°ndez;Eduardo;Fern√°ndez;;Eduardo_Fdez_;Diputado Nacional y Presidente del PP de Le√≥n @populares_Leon. Abogado, grado en Ciencias Pol√≠ticas y en Geograf√≠a e Historia             ;PP;1;0
11;1;TeresadeLara;TeresadeLara;;;TeresadeLara;Qu√≠mica.Diputada del Grupo Popular en el Congreso por Madrid. Portavoz de Medio Ambiente. Defendiendo la unidad de Espa√±a             ;PP;1;0
12;0;Eduardo Santos Itoiz;Eduardo;Santos;Itoiz;ESantosItoiz;Diputado de @ahorapodemos por Navarra-Nafarroa. Abogado y mediador. Kongresuan Barne eta Justizia Batzordeen kidea.             ;Ps;0;0
13;1;carmen valido ¬†‚úãüèº;carmen;valido;¬†‚úãüèº;carmen_valido;Diputada del Congreso por Las Palmas.             ;Ps;0;0
14;1;Carolina Espa√±a;Carolina;Espa√±a;;CarolinaEspanaR;Malague√±a, madre y economista. Diputada del @PPopular en @congreso_es. Portavoz del Pacto de Toledo             ;PP;1;0
15;1;Carmen G. Guinda;Carmen;Gonz√°lez;Guinda;CarmenGGuinda;Diputada nacional por Le√≥n . Qu√≠mica y profesora. Alcaldesa de Garrafe de Tor√≠o y madre de 4 hijos.             ;PP;1;0
16;0;Miguel √Ångel Viso;Miguel;√Ångel;Viso;Miguel_Viso;Deputado @PPdeOU no Congreso. #CreoenOurense, sus potencialidades y, sobre todo, en una de sus riquezas: el vino             ;PP;1;0
17;0;Juan Pedro Yllanes;Juan;Pedro;Yllanes;jpyllanes;Una passa endavant, no ens podem conformar. Jutge en serveis especials i diputat al @Congreso_Es per @PdmIllesBalears. Mallorqu√≠ i sevillista.             ;Ps;0;0
18;0;M. Anxo Fern√°n Vello;M. Anxo;Fern√°n;Vello;FernanVello;Deputado no Congreso de @En_Marea Naceu en Cospeito (Terra Ch√°) Lugo. Escritor. Fundador de Edici√≥ns Espiral Maior. Comparte Twitter coa equipa de comunicaci√≥n.             ;Ps;0;0
19;1;Ana Botella G√≥mez;Ana;Botella;G√≥mez;AnaBotellaPSOE;Diputada por Valencia @SocialistesVal en el Congreso.             ;PSOE;0;0
20;0;Rafael Catal√° Polo;Rafael;Catal√°;Polo;RafaCatalaPolo;Ministro de Justicia. Diputado del @PPopular por #Cuenca. Trabajando en equipo. Firmo RC             ;PP;1;0
21;1;M¬™Carmen Hdez. Bento;M¬™Carmen;Hdez.;Bento;HernandezBento;F√≠sica( universidad complutense)Profesora.Diputada del @ppopular por la Provincia de Las Palmas en el @Congreso_Es             ;PP;1;0
22;0;Pedro Arrojo;Pedro;Arrojo;;PericoArrojo;Profesor, ecologista, ciudadano del mundo y abuelo. Ahora, diputado electo al Congreso por Zaragoza con Podemos. Con la pol√≠tica en la calle, siempre.             ;Ps;0;0
23;0;M √Ångel Bustamante;M;√Ångel;Bustamante;ma_bustamante84;Diputado por Sevilla en el Congreso de Unidos Podemos. Defendiendo los intereses de la clase trabajadora. Militante de @elpce e @iunida             ;Ps;0;0
24;0;Tom√°s Burgos Gallego;Tom√°s;Burgos;Gallego;TomasBurgosVa;Tengo el honor de encabezar la Candidatura del Partido Popular al Congreso de los Diputados por Valladolid, mi provincia.             ;PP;1;0
25;0;Mikel Legarda;Mikel;Legarda;;MikelLegarda;             ;EAJ-PNV;0;0
26;1;MatildeAsianGonzalez;MatildeAsianGonzalez;;;MatildeAsian;Secretaria de Estado de Turismo             ;PP;1;0
27;1;Amparo Botejara;Amparo;Botejara;;AmparoBotejara;M√©dico de familia. Diputada de @ahorapodemos en el Congreso por #Badajoz.             ;Ps;0;0
28;1;CarmenNavarroLacoba;CarmenNavarroLacoba;;;CnLacoba;Diputada nacional del Partido Popular por la provincia de Albacete. Letrada auton√≥mica. Madre de dos hijos.             ;PP;1;0
29;0;Jos√© Ram√≥n G¬™-Hdez;Jos√©;Ram√≥n;G¬™-Hdez;JoseRa_Ghdez;Diputado Nacional por √Åvila en el @Congreso_Es y Secretario ejecutivo de Relaciones Internacionales del Partido Popular.             ;PP;1;0
30;0;Leopoldo Barreda;Leopoldo;Barreda;;lbarredaPP;Abogado, padre de cuatro hijos y Diputado del PP por Vizcaya.#Espa√±aEnSerio             ;PP;1;0
31;1;Mar√≠a Eugenia Romero;Mar√≠a Eugenia;Romero;;Mariueugene;Licenciada Derecho. Master Asesor√≠a Jur√≠dica. Diputada Nacional por Sevilla X y XI Legislatura             ;PP;1;0
32;0;SalvadorDeLaEncina;SalvadorDeLaEncina;;;encinasalvador1;             ;PSOE;0;0
33;0;Artemi Rallo;Artemi;Rallo;;RalloArtemi;             ;PSOE;0;0
34;0;Fernando Navarro;Fernando;Navarro;;CsFernavarro;Diputado en Cortes por C's. Islas Baleares             ;Cs;0;0
35;1;Mar√≠a Aurora Fl√≥rez;Mar√≠a;Aurora;Fl√≥rez;M_Aurora_Florez;"Diputada nacional por Le√≥n. Portavoz Comisi√≥n mixta para el estudio de las drogas. Miembro de la Ponencia ""Menores sin alcohol"".             ";PSOE;0;0
36;1;Sandra Julia;Sandra;Julia;;MSandraJulia;Diputada de @CiudadanosCs en @Congreso_es. Subdelegada Territorial en Castell√≥n. Concejal Ayuntamiento de Moncofa. Imposible es solo una opinion (C's)             ;Cs;0;0
37;0;Sergio del Campo;Sergio;del;Campo;sdelcampocs;Diputado de @CiudadanosCs en el @Congreso_Es por Tarragona. Portavoz Comisi√≥n de Empleo y Seguridad Social. Subinspector Laboral de Empleo y SS (ITSS)             ;Cs;0;0
38;1;Ascension Carre√±o;Ascension;Carre√±o;;Carre1Ascension;Diputada en el Congreso por el PP.Ingeniera de Obras P√∫blicas y Civil. Arquitecto t√©cnico y estudios de piano. Luchando por mejorar las cosas, la mejor melod√≠a.             ;PP;1;0
39;1;Sof√≠a Casta√±√≥n;Sof√≠a;Casta√±√≥n;;SofCastanon;Con los ojos atentos y las palabras a mano. Secretaria de Feminismos Interseccional y LGTBI en @ahorapodemos. Diputada por Asturies en el Congreso.             ;Ps;0;0
40;1;Marta Gonz√°lez;Marta;Gonz√°lez;;MartaGlezVzqz;Medievalista de formaci√≥n y vocaci√≥n, Diputada por A Coru√±a en el Congreso. Portavoz Adjunta del GPPopular. De Santiago de Compostela #ahoramasquenunca             ;PP;1;0
41;0;Jaume Moya i Matas;Jaume;Moya;i Matas;JaumeMoyaM;Procurador d'esquerres, sobiranista, ecologista, incontinent, ruralista, neosegarreta, estepari i aixafaterrossos. Ara, a m√©s, diputat  @EnComu_Podem per Lleida             ;Ps;0;0
42;0;saul ramirez freire;saul;ramirez;freire;saulCiudadanos;             ;Cs;0;0
43;0;Alberto Rodr√≠guez;Alberto;Rodr√≠guez;;Alber_Canarias;Diputado en el Congreso por la provincia de Santa Cruz de Tenerife. @AhoraPodemos. Currela, canario y orgulloso de serlo.             ;Ps;0;0
44;0;Pepe Cano Fuster;Pepe;Cano;Fuster;pepecanonucia;Diputado en Cortes por Cs. cuando los espa√±oles hemos caminado juntos, hemos sido imparables. Imposible, es solo una opini√≥n.             ;Cs;0;0
45;0;Domingo Lorenzo;Domingo;Lorenzo;;Dlorenzo54;nuevo proyecto ilusionante             ;Cs;0;0
46;1;Patricia Reyes;Patricia;Reyes;;PatriciaReyesCs;Madre - Abogada - Diputada de Ciudadanos y Secretaria cuarta de la Mesa del Congreso - Canaria nacida en Madrid - Adoro a Capra y a Marx (Groucho)             ;Cs;0;0
47;1;Loreto Cascales Mart;Loreto;Cascales;Mart;LoraCascales;En este vida no se consigue nada sin esfuerzo y trabajo. Diputada nacional del Partido Popular por la provincia de Alicante.             ;PP;1;0
48;1;Rita Bosaho;Rita;Bosaho;;RitaBosaho;Licenciada en Historia. Diputada de @ahorapodemos en el Congreso  por Alicante             ;Ps;0;0
49;1;Melisa Rodr√≠guez;Melisa;Rodr√≠guez;;mrhciudadanos;Diputada y Portavoz Adjunta en El Congreso de Los Diputados por S/C de Tenerife. Portavoz de C's en Canarias. Facebook http://on.fb.me/1EqYzOX¬† @cscanarias             ;Cs;0;0
50;1;Te√≥fila Mart√≠nez;Te√≥fila;Mart√≠nez;;teofila_es;Diputada por C√°diz y Coordinadora del equipo en el Ayuntamiento por el Partido Popular . Bienvenidos a mi cuenta oficial de Twitter.             ;PP;1;0
51;0;Isidro M. Oblanca;Isidro;M.;Oblanca;imoblanca;             ;Foro Asturias;0;0
52;1;Tamara Raya Rguez;Tamara;Raya;Rguez;tamarayar;Madre. Diputada socialista al Congreso por la provincia de S/C de Tenerife renovando el compromiso del PSOE con una sociedad m√°s justa, igualitaria y solidaria             ;PSOE;0;0
53;1;Teresa Ar√©valo;Teresa;Ar√©valo;;Arevalo80MT;Diputada de Unidos Podemos por la provincia de Albacete. Miembro del Consejo Ciudadano Estatal de Podemos. Si la pol√≠tica no la haces t√∫, otros la har√°n por ti.             ;Ps;0;0
54;1;Marisol Perez;Marisol;Perez;;marisolazuaga;             ;PSOE;0;0
55;0;Santiago Perez Lopez;Santiago;Perez;Lopez;santia2015;             ;PP;1;0
56;0;Francisco Molinero;Francisco;Molinero;;Francis41334448;             ;PP;1;0
57;0;Ricardo Tarno;Ricardo;Tarno;;RicardoTarno;Trabajando desde Mairena del Aljarafe. Diputado en el Congreso por Sevilla. Portavoz de Defensa GPP. Presidente Delegacion Espa√±ola Asamblea Parlamentaria OTAN             ;PP;1;0
58;1;Carmen Quintanilla;Carmen;Quintanilla;;QuintanillaCarm;Presidenta de la Comisi√≥n para el Estudio del Problema de Drogas del Congreso de los Diputados. Diputada del PP por Ciudad Real. Presidenta Nacional AFAMMER             ;PP;1;0
59;0;Vicente Ten;Vicente;Ten;;VicenteTen;Pap√°, tambi√©n Economista, T√©cnico de Hda.del E¬∞, Diputado XI y XII Legislatura de @CsCongreso por Valencia. Los Grandes Sue√±os son para los Grandes Equipos!             ;Cs;0;0
60;1;Mar Garc√≠a Puig;Mar;Garc√≠a;Puig;margpuig;Feminista, editora i diputada d'En Com√∫ Podem   ¬´¬øCom podem concebre una lluita revolucion√†ria que no impliqui una revoluci√≥ en el discurs?¬ª, Julia Kristeva.             ;Ps;0;0
61;0;Gabriel Rufi√°n;Gabriel;Rufi√°n;;gabrielrufian;Padre. Graduado Social. Diputado de @Esquerra_ERC en el Congreso. Para todos todo, para nosotros nada. Instagram: https://goo.gl/Ns6F60¬†             ;ERC;0;0
62;1;Virginia M.Salmeron;Virginia;M.Salmeron;;VirginiaSalmeCs;Sevilla, 1983. Abogada. Diputada de @CiudadanosCs en el Congreso por Sevilla. Portavoz de infancia y adolescencia. Trabajando para reformar y modernizar Espa√±a.             ;Cs;0;0
63;1;Isabel Cabezas;Isabel;Cabezas;;IsabelCabezasRe;Portavoz del PP de Fuente Obejuna ,Diputada Nacional por C√≥rdoba . Portavoz Adjunta comisi√≥n de Salud .             ;PP;1;0
64;1;Mar√≠a Jes√∫s Bonilla;Mar√≠a;Jes√∫s;Bonilla;Mbonilladomingu;Abogada de profesi√≥n y pol√≠tica por vocaci√≥n.Diputada Nacional por Cuenca. Portavoz del PP en el Ayuntamiento de Taranc√≥n.             ;PP;1;0
65;0;Alberto Herrero Bono;Alberto;Herrero;Bono;herrerobono;Calandino. Ingeniero Mec√°nico. Diputado del @PPopular en el Congreso por la Provincia de Teruel. ¬°Bienvenid@!             ;PP;1;0
66;0;Nacho Tremi√±o;Nacho;Tremi√±o;;NTremino;             ;PP;1;0
67;1;Zaida Cantera;Zaida;Cantera;;ZaidaCantera;FIAT IUSTITIA ET PEREAT MUNDUS Comandante retirada del ET. Diputada Nacional PSOE. Integridad, moralidad, igualdad, dedicaci√≥n, esfuerzo y ante todo RESPETO             ;PSOE;0;0
68;1;Nagua Alba;Nagua;Alba;;NaguaAlba;Secretaria General de @PodemosEuskadi_ . Donostiarra. Psikologoa. Diputada en el Congreso por Gipuzkoa de @ahorapodemos-eko diputatua Kongresuan             ;Ps;0;0
69;0;I√±igo M√©ndez de Vigo;I√±igo;M√©ndez;de Vigo;IMendezdeVigo;Ministro de Educaci√≥n, Cultura y Deporte y Diputado por Palencia. No digo todo lo que pienso, pero creo en todo lo que digo             ;PP;1;0
70;1;Carolina Bescansa;Carolina;Bescansa;;CBescansa;Doctora en Sociolog√≠a y Ciencia Pol√≠tica. Cofundadora, responsable de An√°lisis Electoral y diputada de Unidos Podemos. Evaluar, rectificar, reimpulsar.             ;Ps;0;0
71;0;Rodrigo G√≥mez Garc√≠a;Rodrigo;G√≥mez;Garc√≠a;RodrigoGomGar;Diputado de @CsCongreso por Zaragoza. Licenciado en Derecho y Econom√≠a. Abogado.             ;Cs;0;0
72;1;Eva Garc√≠a Sempere;Eva;Garc√≠a;Sempere;EvaGSempere;Si salimos, llegamos. Si llegamos, entramos. Si entramos, vencemos. Coord. del √Årea Federal de Medio Ambiente de @iunida. Aprendiz de Diputada ecocomunista             ;IU;0;0
73;0;Toni Postius;Toni;Postius;;antonipostius;Lleidat√† (1984). Regidor a l'Ajuntament de Lleida. Diputat al Congr√©s del  Partit Dem√≤crata Europeu Catal√† per Lleida, l‚ÄôAlt Pirineu i l‚ÄôAran.             ;PDECAT;0;0
74;1;mjesus moro almaraz;mjesus;moro;almaraz;MoroMjesus;Profesora USAL y Diputada del @ppopular por Salamanca en @Congreso_Es. Portavoz de justicia @GPPopular Congreso             ;PP;1;0
75;0;Alfonso Cand√≥n;Alfonso;Cand√≥n;;AlfonsoCandon;Cuenta oficial de Alfonso Cand√≥n y su equipo. Diputado Nacional y presidente del PP de El Puerto             ;PP;1;0
76;0;Miguel Guti√©rrez;Miguel;Guti√©rrez;;MGutierrezCs;Diputado de Cs en el Congreso y Secretario General de su Grupo Parlamentario. Delegado de Cs en Madrid.             ;Cs;0;0
77;1;Ana Marcello;Ana;Marcello;;anamarcelloana;Diputada por Unid@s Podemos de Le√≥n. Trabajadora Social. Sonr√≠e porque el cambio ya est√° en marcha! https://www.facebook.com/AnaMarcelloSantos¬†‚Ä¶             ;Ps;0;0
78;0;Juan Carlos Girauta;Juan;Carlos;Girauta;GirautaOficial;Portavoz de Cs en el Congreso de los Diputados             ;Cs;0;0
79;1;Rosa Mart√≠nez;Rosa;Mart√≠nez;;rosa_mr_;Diputada por Bizkaia #UnidosPodemos Portavoz I+D y Energ√≠a Coportavoz @equo Trabajando por un modelo m√°s justo y sostenible http://facebook.com/RosaMartinezEquo¬†‚Ä¶             ;Ps;0;0
80;1;Elena Faba;Elena;Faba;;Elena_Faba;Empresaria. Presidenta del C√≠rculo de Mujeres de Negocios. Diputada del Congreso por BCN. XI legislatura: Portavoz d Empleo e Industria. XII:Portavoz d Igualdad             ;Cs;0;0
81;1;Irene Rivera;Irene;Rivera;;_Irene_Rivera;Piensa en NARANJA, piensa diferente. Piloto y Diputada de CIUDADANOS por M√°laga https://m.facebook.com/profile.php?id=1622832151323858¬†‚Ä¶             ;Cs;0;0
82;0;Jesus Maria;Jesus;Maria;;jesusmariafer;Diputado nacional por Navarra. Portavoz de sanidad PSOE. M√©dico. Me gusta la libertad.             ;PSOE;0;0
83;0;Diego Ca√±amero Valle;Diego;Ca√±amero;Valle;DcaValle;Jornalero, diputado por Ja√©n de Unidos Podemos, militante de @NacionalCUT y del @SAT_nacional, considero que la Utop√≠a es posible alcanzarla con la Lucha.             ;Ps;0;0
84;1;Rosana Alonso;Rosana;Alonso;;Rosanalonso_10;Diputada de Podemos por Cantabria en el Congreso de los Diputados             ;Ps;0;0
85;0;Jaime de Olano;Jaime;de;Olano;jaimedeolano;Diputado por Lugo en el Congreso @GPPopular Concejal Ayto de Viveiro @ppviveiro Abogado. Gallego, por lo tanto, Espa√±ol jaime.deolanovela@facebook.com             ;PP;1;0
86;0;Antonio Trev√≠n;Antonio;Trev√≠n;;antoniotrevin;Antonio Trev√≠n , maestro asturiano en comisi√≥n de servicios en el Congreso por mandato de quienes votaron al PSOE en Asturias.             ;PSOE;0;0
87;1;Elena Bastidas;Elena;Bastidas;;elenabastidasb;Presidenta Comisi√≥n de Cooperaci√≥n Internacional para el Desarrollo en @congreso_Es . Diputada por Valencia @ppcv. Abogada. profesora-tutora             ;PP;1;0
88;0;Segundo Gonz√°lez;Segundo;Gonz√°lez;;Segundogg;Econom√≠a y Comunicaci√≥n. Activista y circunstancialmente diputado de Podemos por Asturies. Portavoz en Presupuestos y TCU. Tambi√©n en Hacienda y Econom√≠a             ;Ps;0;0
89;1;Miriam Alconchel;Miriam;Alconchel;;AlconchelMiriam;             ;PSOE;0;0
90;0;Jos√© Vicente Mar√≠;Jos√©;Vicente;Mar√≠;JVMariBoso;President @PPEivissa. Diputado por Ibiza @Congreso_Es en la XII Legislatura. @GPPopular             ;PP;1;0
91;1;Meri Pita ¬†üëã;Meri;Pita;¬†üëã;meripita44;Trabajadora. Secretaria General de @PodemosCanarias. Diputada por la provincia de Las Palmas.             ;Ps;0;0
92;0;Marcial G√≥mez;Marcial;G√≥mez;;MarcialGoBal;Padre, Procurador, deportista, ciudadano comprometido, diputado en el Congreso por C√≥rdoba (C's) y con mucha biograf√≠a por escribir...             ;Cs;0;0
93;0;Rafa Mayoral;Rafa;Mayoral;;MayoralRafa;Abogado. Diputado en el Congreso. Miembro del Consejo Ciudadano de @ahorapodemos             ;Ps;0;0
94;0;Jose Jaime;Jose;Jaime;;jjalonso10;Docente y Diputado Nacional             ;PP;1;0
95;0;Miguel Barrachina;Miguel;Barrachina;;BarrachinaM;Diputado nacional, liberal, economista, corredor, agricultor y de pueblo -Segorbe-. Secretario General PP Castell√≥n.             ;PP;1;0
96;0;Juan Vte. Perez Aras;Juan;Vte.;Perez Aras;juanviperezaras;Diputado Nacional por Valencia.Licenciado en Ciencias Pol√≠ticas y de la Administraci√≥n. @GPPopular @PPopular @ppcv @PP_Val @PP_Campdeturia             ;PP;1;0
97;1;Lola Alba;Lola;Alba;;albamullor;Alcoyana. Diputada por Alicante en el Congreso de los Diputados en la XII Legislatura. @alicantepp @PopularesAlcoy.             ;PP;1;0
98;0;Antonio G. Limones;Antonio;Gutierrez;Limones;LimonesAG;Me propongo vestir de limpio cada ma√±ana y trabajar por mi ciudad, por vosotros, y para que la justicia y el bienestar alcancen a todas las personas.             ;PSOE;0;0
99;1;Pilar Cancela;Pilar;Cancela;;PiliCancela;Deputada @PSOE por Coru√±a. Presidenta Comisi√≥n Igualdade no Congreso. Feminista. Galega. Nai. Na loita coti√° pola xustiza e igualdade dende o socialismo             ;PSOE;0;0
100;1;pepa gonzalez bayo;pepa;gonzalez;bayo;pepa_bayo;Socialista. Diputada Congreso por Huelva L@S que niegan la libertad a Otr@s, No la merecen para Si             ;PSOE;0;0
101;1;Pilar Rojo Noguera;Pilar;Rojo;Noguera;RojoNoguera;             ;PP;1;0
102;1;Auxi Honorato;Auxi;Honorato;;auxihonorato;Funcionaria en excedencia. Secretaria de Administraciones P√∫blicas en Podemos. Diputada de @ahorapodemos en el Congreso por Sevilla             ;Ps;0;0
103;0;Javier Lasarte;Javier;Lasarte;;LasarteJavier;Diputado socialista en el Congreso, por Alava. Portavoz de la Comisi√≥n de Presupuestos. Economista. Miembro Comisi√≥n Ejecutiva del PSE-EE.             ;PSOE;0;0
104;0;Joseba Agirretxea;Joseba;Agirretxea;;jagirretxea;Maite dut naizena, gorrota gabe ez naizena. Amo lo que soy sin odiar lo que no soy. Abertzale eta euskalduna. EAJ-PNV diputado.             ;EAJ-PNV;0;0
105;0;Alberto Montero;Alberto;Montero;;amonterosoler;Diputado de @ahorapodemos por M√°laga en el Congreso y SG de M√°laga. Profesor de Econom√≠a Pol√≠tica en la Universidad de M√°laga.             ;Ps;0;0
106;0;Gonzalo Palacin;Gonzalo;Palacin;;gpalacinguarne;Diputado rural en el Congreso. Economista, creo en las personas. SG PSOE Monz√≥n. Viviendo en el Alto Arag√≥n.             ;PSOE;0;0
107;0;Juan Bravo Baena;Juan;Bravo;Baena;juanBravoBaena;Diputado @Congreso_es del @ppopular por #Ceuta. Licenciado en Derecho e Inspector de Hacienda.             ;PP;1;0
108;1;Tristana Moraleja;Tristana;Moraleja;;TristanaMg;Diputada del PP en el Congreso de los Diputados por la Coru√±a. Concejala del Partido Popular de Oleiros. Mi rinc√≥n para descansar, para vivir, Oleiros             ;PP;1;0
109;1;Yolanda D√≠az;Yolanda;D√≠az;;Yolanda_Diaz_;"Avogada, Deputada no Congreso de En Marea, Coord de EU. Son tempos de excepci√≥n, no final dun r√©xime pol√≠tico; temos que conformar un novo suxeito pol√≠tico             ";Ps;0;0
110;0;Gregorio C√°mara;Gregorio;C√°mara;;GregorioCmara;Constitucionalista. Socialista. Federalista. Diputado del Congreso por Granada...No separes el No del S√≠. Y da a tu decir sentido: dale sombra (P. Celan)             ;PSOE;0;0
111;0;Carlos Salvador;Carlos;Salvador;;ccsalvador_;Diputado navarro de @upn_navarra             ;UPN;0;0
112;0;Jos√© Antonio Nieto;Jos√©;Antonio;Nieto;ja_nietob;Secretario de Estado de Seguridad. Presidente @pp_cordoba.             ;PP;1;0
113;0;Pablo Bustinduy;Pablo;Bustinduy;;pbustinduy;Portavoz de Exteriores y diputado de @ahorapodemos por Madrid. Coordino la Secretar√≠a Internacional (@PodemosInter). Las ideas se miden en sus efectos.             ;Ps;0;0
114;1;Susana L√≥pez Ares;Susana;L√≥pez;Ares;susanalopezares;Diputada del @PPopular por Asturias en el Congreso. Portavoz adjunta @GPPopular. Doctora en Ciencias Econ√≥micas y profesora titular de la Universidad de Oviedo.             ;PP;1;0
115;1;Marta Sorl√≠;Marta;Sorl√≠;;casanyeta;Treballadora Social. Diputada de @Compromis al @congreso_es pels pobles de Castell√≥. Idealista conven√ßuda que es pot canviar el m√≥n per fer-lo m√©s just.             ;Ps;0;0
116;0;√ìscar Clavell;√ìscar;Clavell;;OscarClavell;Licenciado en Historia. Presidente del PP Vall de Ux√≥ y Concejal en el Ayuntamiento. Diputado en el Congreso por Castell√≥n.             ;PP;1;0
117;1;Mar√≠a Jes√∫s Serrano;Mar√≠a;Jes√∫s;Serrano;Mjesusserranoj;Socialista, Abogada.Diputada Congreso por C√≥rdoba.Hay una manera de contribuir a la protecci√≥n de la humanidad, y es NO RESIGNARSE. mjesus.serrano@congreso.es             ;PSOE;0;0
118;0;Pedro Saura;Pedro;Saura;;pedrosaurag;Diputado en el Congreso por Murcia. Portavoz de Econom√≠a del Grupo Socialista http://www.pedrosaura.blogspot.com.es/¬†             ;PSOE;0;0
119;0;Pablo Casado Blanco;Pablo;Casado;Blanco;pablocasado_;Vicesecretario de comunicaci√≥n del @ppopular. Diputado por √Åvila y Vicepresidente Comisi√≥n UE en @Congreso_es. Abogado y economista. Fellow en @JohnsHopkins             ;PP;1;0
120;0;Antonio Pradas;Antonio;Pradas;;PradasTorres;De El Rubio (Sevilla) de donde fui alcalde socialista.Ahora Diputado en Cortes y Coordinador de la Interparlamentaria PSOE-A.             ;PSOE;0;0
121;1;Susana Sumelzo;Susana;Sumelzo;;SSumelzo;Socialista. Diputada por Zaragoza en el Congreso. Trabajando para que las cosas cambien a mejor             ;PSOE;0;0
122;1;Ana Zurita;Ana;Zurita;;AnaZurita7;Arquitecto, urbanista, preocupada por el territorio. Diputada por la provincia Santa Cruz de Tenerife. Portavoz de Vivienda del @GPPopular             ;PP;1;0
123;1;Al√≠ciaS√°nchezCamacho;Al√≠ciaS√°nchezCamacho;;;AliciaSCamacho;Perfil oficial de la presidenta del PPC y secretaria primera de la Mesa del Congreso, Al√≠cia S√°nchez-Camacho, gestionado por su equipo.             ;PP;1;0
124;0;Francisco Igea;Francisco;Igea;;FranciscoIgea;Medico, Ciclista fond√≥n y creyente lleno de dudas. Diputado electo de C's por Valladolid. Portavoz de Sanidad en Congreso y comentarista ocasional en los medios             ;Cs;0;0
125;0;√ç√±igo Errej√≥n;√ç√±igo;Errej√≥n;;ierrejon;Secretario de An√°lisis Estrat√©gico y Cambio Pol√≠tico de @ahorapodemos y diputado por Madrid. Doctor en Ciencia Pol√≠tica en la UCM. #ConstruirPueblo             ;Ps;0;0
126;1;Ana Oramas;Ana;Oramas;;anioramas;Diputada de Coalici√≥n Canaria. Economista y ex alcaldesa de La Laguna.             ;CC;0;0
127;0;Josep Vendrell;Josep;Vendrell;;vendrellj;D'esquerres i ecologista, d'@iniciativa i diputat de @EnComu_Podem al Congr√©s dels Diputats.             ;Ps;0;0
128;1;Isabel Salud;Isabel;Salud;;Saludisabel;Ezker Anitzako Koordinatzaile Orokorra-Coordinadora general de @IUEzker. Diputada de IU, grupo Unid@s Podemos-#ElkarrekinAhalDugu en el Congreso, por Gipuzkoa             ;Ps;0;0
129;1;Guadalupe Mart√≠n;Guadalupe;Mart√≠n;;Guadalupem1960;Ahora Diputada en el Congreso. Antes ya era madre, m√©dica y del PSOE             ;PSOE;0;0
130;0;Carmelo Romero;Carmelo;Romero;;cromeroher;             ;PP;1;0
131;0;Juan Jim√©nez Tortosa;Juan;Jim√©nez;Tortosa;juanjimenezt;Diputado G.P. Socialista. Profesor de Educaci√≥n Secundaria. Psic√≥logo             ;PSOE;0;0
132;0;Eduardo Maura;Eduardo;Maura;;edumaura;Diputado de @ahorapodemos por Bizkaia y portavoz de Cultura en el Congreso. Secretario Pol√≠tico de @PodemosEuskadi_             ;Ps;0;0
133;0;Avelino Barrionuevo;Avelino;Barrionuevo;;AvelinoPP;Perfil Personal.Malague√±o, 46 a√±os, Casado con 3 hijos, Ldo en Derecho, Procurador de los Tribunales, ExSenador y Diputado del PP, por la Provincia de Malaga.             ;PP;1;0
134;1;L√≠dia Guinart;L√≠dia;Guinart;;lidiaguinart;Escritora y periodista. Diputada en el Congreso por Barcelona. Socialista, feminista y atea. Lucho por la justicia social y la igualdad. Del Bar√ßa.             ;PSOE;0;0
135;0;Alfonso Alonso;Alfonso;Alonso;;AlfonsoAlonsoPP;Bienvenidos al Twitter de Alfonso Alonso y su equipo. Presidente del @PPvasco y parlamentario vasco             ;PP;1;0
136;0;Pedro Azpiazu;Pedro;Azpiazu;;PedroAzpiazu;Ogasuna eta Ekonomi sailburua. Consejero vasco de Hacienda y Econom√≠a.             ;PP;1;0
137;1;Pilar Lucio;Pilar;Lucio;;lucio_pilar;Madre, soci√≥loga, socialdem√≥crata, diputada nacional por C√°ceres             ;PSOE;0;0
138;0;Juan A Delgado Ramos;Juan;Delgado;Ramos;JA_DelgadoRamos;Diputado de @ahorapodemos en @congreso_ES por C√°diz. Guardia Civil. Ponte siempre en el lugar del otro. Mi blog http://juanantoniodelgado.es¬†             ;Ps;0;0
139;1;Agueda Reyn√©s;Agueda;Reyn√©s;;areynes2;Diputada Nacional del PP por Baleares. Portavoz del Grupo Municipal del PP en el Ayuntamiento de Mah√≥n.             ;PP;1;0
140;0;J.A. Martin Toledano;J.A.;Martin;Toledano;martintoledano;Diputado por Ciudad Real. Grupo Popular Congreso Portavoz de Interior GPP.             ;PP;1;0
141;0;Rafael Simancas;Rafael;Simancas;;SimancasRafael;Diputado @PSOE @psoe_m por Madrid. Portavoz de Empleo. Profesor de Teor√≠a Pol√≠tica @urjc. Subdirector http://www.fundacionsistema.com¬† Patrono de @fpabloiglesias             ;PSOE;0;0
142;1;Carlota Merch√°n;Carlota;Merch√°n;;CarlotaMerchn;Diputada PSOE por Madrid. #DDHH #Feminismo #Cooperaci√≥n #LuchaContraLaPobreza #JusticiaSocial #Ciudadan√≠aGlobal             ;PSOE;0;0
143;1;Mar Cotelo;Mar;Cotelo;;mar_cotelo;             ;PP;1;0
144;1;Patricia_Blanquer;Patricia_Blanquer;;;Patri_Blanquer;Diputada Congreso por Alicante. Portavoz de industria. Mirant avant             ;PSOE;0;0
145;1;Ana V√°zquez Blanco;Ana;V√°zquez;Blanco;anadebande;Ourensana de Bande...Funcionaria...Diputada...De centro e galeguista...Diputada de la VII,VIII,IX,X y XII #CreoenOurense             ;PP;1;0
146;1;Silvia Heredia ¬†üö∫;Silvia;Heredia;¬†üö∫;SilviaHeredia;Portavoz del Partido Popular de Sevilla, Diputada Nacional en el Congreso y Concejala del Excmo. Ayuntamiento de √âcija             ;PP;1;0
147;1;Teresa Jord√†;Teresa;Jord√†;;TeresaJorda;Diputada al Congr√©s des del 2011 i acumulant amb 5 anys 3 legislatures #oletu. Alcaldessa de Ripoll d'@Esquerra_ERC durant 8 anys. Ganes de Rep√∫blica Catalana             ;ERC;0;0
148;1;Concha de Santa Ana;Concha;de;Santa Ana;de_santa_ana;Diputada Nacional por la Provincia de Granada             ;PP;1;0
149;1;Sof√≠a Hernanz Costa;Sof√≠a;Hernanz;Costa;Hernanzsofia;Nada ser√° igual, pero puede ser mejor. Diputada socialista. Eivissa             ;PSOE;0;0
150;1;√Ängela Ballester;√Ängela;Ballester;;_ABallester;Historiadora. Diputada de @Podem_ al Congr√©s per Val√®ncia. #aLaValenciana             ;Ps;0;0
151;1;Elvira Ram√≥n;Elvira;Ram√≥n;;ElviraRamon;Diputada en Cortes por Granada. Socialista. Molvice√±a             ;PSOE;0;0
152;0;Enric Bataller;Enric;Bataller;;EBataller;S√≥c advocat i activista pol√≠tic. Diputat al Congr√©s per Val√®ncia. Membre fundador de @compromis. Un entre tants, en l'hora del canvi.             ;Ps;0;0
153;1;Teresa Palmer Tous;Teresa;Palmer;Tous;TeresaPalTous;Diputada del Congreso por PP Balears. Portavoz de Economia del Grupo Parlamentario Popular             ;PP;1;0
154;0;jillorens;jillorens;;;jillorenstorres;Diputado al Congreso del PP por Lleida. Presidente de la comisi√≥n de agriculura Partido Popular. Ingeniero Agronomo.             ;PP;1;0
155;1;Lucia Mart√≠n;Lucia;Mart√≠n;;Lucia___M;Enginyera qu√≠mica i fins fa poc investigadora prec√†ria. Una de tantes activistes pel dret a l'habitatge. Ara diputada d'@Encomu_Podem             ;Ps;0;0
156;0;joaquin Albaladejo;joaquin;Albaladejo;;joaquintorrevie;TORREVEJENSE. Diputado nacional en el Congreso de los Diputados XI y XII legislatura por la Provincia de Alicante. A TOPE !!!!!!             ;PP;1;0
157;0;Edu Madina;Edu;Madina;;EduMadina;Northern sky             ;PSOE;0;0
158;0;Rafael Hernando;Rafael;Hernando;;Rafa_Hernando;Bienvenido al Twitter del Portavoz del @GPPopular en el http://www.congreso.es¬† y su equipo. Diputado Nacional por Almer√≠a. http://www.gppopular.es/¬†             ;PP;1;0
159;1;Soraya Rodr√≠guez;Soraya;Rodr√≠guez;;sorayapsoe;Diputada por Valladolid             ;PSOE;0;0
160;0;Miguel Vila;Miguel;Vila;;Mikele_V;Diputado de Unidos Podemos-En Com√∫ Podem-En Marea en el Congreso por la provincia de Burgos, y miembro del CCE de @ahorapodemos             ;Ps;0;0
161;0;"Joan Baldov√≠ ;)";Joan;Baldov√≠;";)";joanbaldovi;Diputat de @compromisCGR         Valenci√† de soca-rel #aLaValenciana             ;Ps;0;0
162;1;Mar√≠a Torres;Mar√≠a;Torres;;MariaTorresTej;             ;PP;1;0
163;1;Ana Madrazo Diaz;Ana;Madrazo;Diaz;anamadrazo61;Diputada Nacional y actual portavoz de Hacienda del Congreso de los Diputados.             ;PP;1;0
164;1;Marian;Marian;;;marianbeitia;Kazetaria, Legazpin jaioa, Hernanin bizi naiz aspaldi. Independentiston ahotsa Madrilen.             ;EH-Bildu;0;0
165;1;Irene Montero;Irene;Montero;;Irene_Montero_;Portavoz de Unidas Podemos - EcP - EM en el Congreso. En la ejecutiva de @ahorapodemos. Psic√≥loga, por la vivienda digna. Defender la alegr√≠a como un derecho             ;Ps;0;0
166;0;Ant√≥n G√≥mez-Reino;Ant√≥n;G√≥mez-Reino;;tone_corunha;Portavoz de @En_Marea Congreso. Navego na @MareAtlantica e @Podemos_Galicia. Desde abaixo, pola esquerda. Pai e caminhante.             ;Ps;0;0
167;0;Luis C. Sahuquillo;Luis;Sahuquillo;;lcsahuquillo;             ;PSOE;0;0
168;0;Joan Tard√† i Coma;Joan;Tard√†;i Coma;JoanTarda;Nascut a Cornell√† de Llobregat, professor de Llengua i Literatura Catalanes. Membre d'Esquerra Republicana i diputat al Congr√©s dels Diputats             ;ERC;0;0
169;0;JoseAndresTorresMora;JoseAndresTorresMora;;;JATorresMora;Nac√≠ el 1 de enero de 1960. Profesor titular de Sociolog√≠a en la Complutense. En la actualidad soy diputado socialista por M√°laga en el Congreso.             ;PSOE;0;0
170;0;Ricardo Sixto;Ricardo;Sixto;;Rsixtoiglesias;Car dir√†s la paraula justa, la dir√†s en el moment just... la dir√†s honestament. V.A.Estell√©s / Diputat d'EUPV al Congr√®s per Val√®ncia coalici√≥ #ALaValenciana             ;IU;0;0
171;0;Ferran Bel i Accensi;Ferran;Bel;i Accensi;Ferran_Bel;Alcalde de Tortosa             ;PDECAT;0;0
172;1;Ione Belarra;Ione;Belarra;;ionebelarra;Portavoz adj. de @ahorapodemos en el Congreso. Diputada por Navarra. Investigadora y activista en Migraciones.             ;Ps;0;0
173;1;Miriam NogVeras T44;Miriam;NogVeras;;miriamnoguerasM;La ra√≥ d tot: els meus. Diputada de PDECAT #novullpagar #CCN #ConsellEscolar #T√àXTIL #Regidora #RRII #DEFENSA http://miriamnogueras.cat¬† Instagram i Facebook             ;PDECAT;0;0
174;0;Mariano Rajoy Brey;Mariano;Rajoy;Brey;marianorajoy;Presidente del Gobierno y del @PPopular. Casado, padre de dos hijos. Trabajo por una #Espa√±a con m√°s empleo, oportunidades y bienestar.             ;PP;1;0
175;1;Bego√±a Tundidor;Bego√±a;Tundidor;;emeterina;Diputada por M√°laga .Portavoz de Consumo en Grupo Parlamentario Socialista .Enfermera.Con el coraz√≥n entre Soria mi ciudad natal y M√°laga mi ciudad de acogida             ;PSOE;0;0
176;0;Jose Miguel Camacho;Jose;Miguel;Camacho;JoseMiguelCama1;Diputado por Toledo, socialista y luchador contra las desigualdades             ;PSOE;0;0
177;0;Chano Franquis;Chano;Franquis;;chanofranquis;Diputado del PSOE en el Congreso por Las Palmas. Secretario General de Las Palmas GC             ;PSOE;0;0
178;1;Carmen Roc√≠o Cuello;Carmen;Roc√≠o;Cuello;CarmenRCuello;Diputada por Sevilla en el Congreso.Portavoz adjunta PSOE en la Comisi√≥n de Igualdad.             ;PSOE;0;0
179;0;Joan Capdevila ŸÜ;Joan;Capdevila;ŸÜ;capdevilajoan;Diputat a Corts per @Esquerra_ERC (independent). Esperant tornar aviat a fer de veterinari. Donec Perficiam.             ;ERC;0;0
180;0;jordi salvador duch;jordi;salvador;duch;jsalvadorduch;Diputat al congreso per ERC. D'esquerres, per la Rep√∫blica Catalana, internacionalista i sindicalista. Professor i Dr. en Antropologia Social i Cultural             ;ERC;0;0
181;0;Francisco Bernab√©;Francisco;Bernab√©;;bernabepaco;Diputado en el Congreso. Vicesecretario General de Acci√≥n Pol√≠tica de @PPRMurcia. Abogado. #BasketLover. Feliz esposo y padre de cinco hijos.             ;PP;1;0
182;0;miguel garaulet;miguel;garaulet;;MiguelGaraulet;Simplemente un tipo normal al que le gusta aprender todos los dias algo nuevo. Diputado de Cs a Cortes por la Regi√≥n de Murcia             ;Cs;0;0
183;0;Nacho S√°nchez Amor;Nacho;S√°nchez;Amor;NachoSAmor;Spanish PSOE MP/FA Com. Spox/OSCE PA's Chair Com. Democracy, HHRR & Humanitarian Quest/Constitutional Law/European & exsoviet area politics/Extremadura             ;PSOE;0;0
184;1;Dolores Marcos;Dolores;Marcos;;LoliMarcos;Diputada Nacional del Partido Popular por C√°ceres             ;PP;1;0
185;1;Ana Pastor Julian;Ana;Pastor;Julian;anapastorjulian;Twitter oficial de la presidenta del Congreso de los Diputados en la XII Legislatura             ;PP;1;0
186;1;√Ångela Rodr√≠guez;√Ångela;Rodr√≠guez;;Pam_Angela_;Dende o pequeno con @MareaPontevedra, facendo feminismo con @ahorapodemos, deputada no congreso, asaltando o ceo, @En_Marea.             ;Ps;0;0
187;1;Isabel Franco;Isabel;Franco;;IsabelPodemos;Diputada de Unid@s Podemos y Secretaria de Sociedad Civil de @Podemos_AND. Master en Trabajo y Empleo y evaluadora de Politicas P√∫blicas. #NOalTTIP             ;Ps;0;0
188;1;Gloria Elizo;Gloria;Elizo;;GloriaElizo;`Nosotros pocos, nosotros pocos y felices, banda de hermanos` Diputada de @ahorapodemos por Toledo. Madre. No todo es politica. O s√≠.             ;Ps;0;0
189;0;Javier S√°nchez Serna;Javier;S√°nchez;Serna;J_Sanchez_Serna;Diputado murciano de @ahorapodemos en el Congreso. Portavoz en la Comisi√≥n de Educaci√≥n #LomceNo. No nacimos para resistir nacimos para vencer              ;Ps;0;0
190;0;Marcelo Exp√≥sito;Marcelo;Exp√≥sito;;mrenau;Secretario Tercero del Congreso y diputado @encomu_podem por Barcelona. Miembro de la Direcci√≥n Ejecutiva de @bcnencomu.             ;Ps;0;0
191;0;Javier Ruano;Javier;Ruano;;ruanojavier;Diputado del Partido Popular en el Congreso por Murcia. XII Legislatura. Consultor. Felizmente casado y con tres hijas.             ;PP;1;0
192;1;Mar Rominguera;Mar;Rominguera;;rominguera;Socialista ,Abogada, ahora Diputada Nacional por Zamora, Portavoz de Vivienda  ,y ante todo Madre. Orgullosa de los mios             ;PSOE;0;0
193;1;Marta Sibina Camps;Marta;Sibina;Camps;Marta_Sibina;Infermera. Lluitant pels drets de totes em vaig topar amb la corrupci√≥ sanit√†ria. Ara diputada d' @EnComu_Podem Far√© debat mirant-te als ulls, no pas a tuiter!             ;Ps;0;0
194;0;Od√≥n Elorza;Od√≥n;Elorza;;odonelorza2011;Diputado socialista x Gipuzkoa / El sistema es injusto y debemos transformarlo.Defiendo un Estado protector, los derechos y la dignidad de las personas.             ;PSOE;0;0
195;1;Dolors Montserrat;Dolors;Montserrat;;DolorsMM;Ministra de @sanidadgob. Abogada de profesi√≥n. Enamorada de mi tierra.             ;PP;1;0
196;0;Arturo Garc√≠a-Tiz√≥n;Arturo;Garc√≠a-Tiz√≥n;;AGarciatizon;Diputado Nacional. Portavoz adjunto del Grupo PP. Parlamentario en el congreso de los Diputados. Abogado del Estado             ;PP;1;0
197;1;Carmen Due√±as;Carmen;Due√±as;;mcduenas;Diputada XII Legislatura @Congreso_Es por Melilla. Portavoz @GPPopular de Igualdad,vocal en Comisi√≥n de Justicia,Cambio Clim√°tico y Discapacidad.Abogada y madre             ;PP;1;0
198;0;Pedro Acedo Penco;Pedro;Acedo;Penco;pedroacedo;Presidente del @PPMerida Muy orgulloso de haber sido 16 a√±os alcalde de #M√©rida, Patrimonio de la Humanidad. Senador X Legislatura. Diputado en el @Congreso_es             ;PP;1;0
199;1;Sara Carre√±o ¬†üíú;Sara;Carre√±o;¬†üíú;Saracarrenov;Diputada de @ahorapodemos. Licenciada en ADE y Derecho. So√±adora y luchadora. Astur-riojana             ;Ps;0;0
200;0;Antonio Hernando;Antonio;Hernando;;AHernandoVera;Soy diputado socialista por Madrid. Y madrile√±o. Ahora, portavoz del @gpscongreso . Hablo y quiero escuchar. #Congreso antonio.hernando@congreso.es             ;PSOE;0;0
201;0;Bienvenido de Arriba;Bienvenido;de;Arriba;BienveDeArriba;Diputado Nacional del @PPopular en @Congreso_Es por Salamanca en XII Legislatura. Vicesecretario PP de Salamanca.             ;PP;1;0
202;0;Juan Luis Gordo;Juan;Luis;Gordo;juanluisgordo;Diputado del PSOE por Segovia en el Congreso de los Diputados en la X, XI y XII Legislatura. Secretario Gral de Segovia. Ingeniero Industrial y Funcionario             ;PSOE;0;0
203;0;David Serrada;David;Serrada;;dvserrada;Soci√≥logo, padre de dos ni√±as, Vicesecretario General @PSOESalamanca y Diputado en @Congreso_Es #Salamanca, Portavoz Cooperaci√≥n Desarrollo @gpscongreso             ;PSOE;0;0
204;0;Nacho Prendes;Nacho;Prendes;;nachoprendes;Gijon√©s. Abogado y Diputado de Ciudadanos. Vicepresidente Primero del Congreso de los Diputados. Trabajando para hacer posible lo necesario.             ;Cs;0;0
205;1;M Luz Mart√≠nez Seijo;M Luz;Mart√≠nez;Seijo;luzseijo;Diputada por Palencia. Secretaria de Acci√≥n Pol√≠tica y Ciudadan√≠a-PSOECYL. Mi profesi√≥n y pasi√≥n son la educaci√≥n.             ;PSOE;0;0
206;0;Joaqu√≠n Garc√≠a D√≠ez;Joaqu√≠n;Garc√≠a;D√≠ez;Quin1954;Lo bueno si breve dos veces bueno, aunque los que nos enrollamos lo tenemos dificil.             ;PP;1;0
207;1;Esther Pe√±a Camarero;Esther;Pe√±a;Camarero;estherpcamarero;Diputada por #Burgos en Congreso de los Diputados. Secretaria General del PSOE de Burgos. Soci√≥loga y t√©cnico de integraci√≥n.             ;PSOE;0;0
208;1;Sonia Ferrer Tesoro;Sonia;Ferrer;Tesoro;soniafetesoro;Socialista. Actualmente diputada en el congreso. Madre en mis ratos libres. Almeriense.             ;PSOE;0;0
209;0;JoseDavid Carracedo;JoseDavid;Carracedo;;JDCarracedo;Soci√≥logo, padre de dos peques, activista. http://DiagonalPeriodico.net¬†, http://MeCambio.net¬† Diputado en el Congreso  por Bizkaia con @ahorapodemos             ;Ps;0;0
210;0;Fern√°ndez de Moya;Fern√°ndez;de;Moya;Jefernandezmoya;Secretario de Estado de Hacienda y padre de un hijo maravilloso.             ;PP;1;0
211;1;Rosa Romero;Rosa;Romero;;rosaromerocr;Polit√≥loga (UCM).Diputada.Vicepresidenta 3¬™ del Congreso de los Diputados.Orgullosa haber sido 8 a√±os Alcaldesa de Ciudad Real. Enamorada de mi marido y 2 hijos             ;PP;1;0
212;0;Jose Maria Chiquillo;Jose;Maria;Chiquillo;ChiquilloBarber;Diputado. Portavoz @GPPopular Cooperaci√≥n Internacional al Desarrollo. Member PA @OSCE. Presidente Red Internacional Programa @UNESCO RUTA DE LA SEDA #SilkRoad.             ;PP;1;0
213;1;√Ångeles Isac Garc√≠a;√Ångeles;Isac;Garc√≠a;Angeles_isac;Diputada del @pp_jaen Diputaci√≥n Provincial. Presidenta y portavoz del @linarespp. Apasionada de mi gente y sus pueblos #Ja√©n.             ;PP;1;0
214;0;Pedro Quevedo Iturbe;Pedro;Quevedo;Iturbe;PedroQuevedoIt;Diputado por Nueva Canarias en el Congreso y Concejal del Ayuntamiento de LPGC.             ;NCa;0;0
215;1;Alexandra;Alexandra;;;aKollontai;Deputada de En Marea no Congreso. Traballando por constru√≠r ferramentas de cambio.             ;Ps;0;0
216;0;Toni Cant√≥;Toni;Cant√≥;;Tonicanto1;Actor.Diputado de Ciudadanos por la provincia de Valencia en la 12¬™ legislatura.Presidente de la comisi√≥n de la lucha contra la corrupci√≥n y por la regeneraci√≥n             ;Cs;0;0
217;0;Felipe J. Sicilia;Felipe;J.;Sicilia;felipe_sicilia;Jiennense, polic√≠a de profesi√≥n y socialista de convicci√≥n. Diputado en el Congreso y portavoz de agricultura             ;PSOE;0;0
218;1;S√≤nia Farr√©;S√≤nia;Farr√©;;Sonia_Farre;Diputada d' @EnComu_Podem que no oblida d'on ve: monitora, profe, fil√≤loga catalana, #15M, @auditciudadana, @pconstituent i m√©s! #Seguim             ;Ps;0;0
219;0;Xavier Eritja;Xavier;Eritja;;xavieritja;Crec en la for√ßa de la mobilitzaci√≥ de les classes populars per construir la nova #Rep√∫blicaCatalana. Diputat per Lleida @Esquerra_ERC al Congreso             ;PP;1;0
220;0;Francesc Homs;Francesc;Homs;;franceschoms;Advocat. Associat a @Pdemocratacat             ;PDECAT;0;0
221;0;Pablo Bellido;Pablo;Bellido;;PabloBellido_Az;Diputado por Guadalajara. Secretario General PSOE de Guadalajara. Creo en la Igualdad y la Solidaridad. Azuqueca, Guadalajara, Castilla-La Mancha, Espa√±a             ;PSOE;0;0
222;0;Eloy Su√°rez Lamata;Eloy;Su√°rez;Lamata;eloysuarezl;Diputado del @PPopular en el @Congreso_Es por Zaragoza. Aragon√©s, liberal, infatigable. Un espa√±ol.             ;PP;1;0
223;0;Fernando Maura;Fernando;Maura;;FMauraB;Diputado al Congreso por Cs. Abogado, economista y escritor. Parlamentario vasco 1990-2007. Eurodiputado 2014-2015.             ;Cs;0;0
224;1;Bel√©n Hoyo Juli√°;Bel√©n;Hoyo;Juli√°;BelenHoyo;Diputada Nacional del PP por Valencia @GPPopular. Coordinadora General del @PPopular de la Provincia de Valencia @PP_VAL. Vicesecretaria Nacional de @NNGG_Es.             ;PP;1;0
225;0;F√©lix √Ålvarez;F√©lix;√Ålvarez;;Felisuco_;Diputado por Cantabria. XII Legislatura. Grupo parlamentario de Ciudadanos. Portavoz de Cultura.             ;Cs;0;0
226;0;F. Mart√≠nez-Maillo;F.;Mart√≠nez-Maillo;;martinezmaillo;Zamorano, nacido en 1969, casado, dos ni√±as. Licenciado en Derecho. Vicesecretario de Organizaci√≥n del @PPopular y Presidente de @populareszamora             ;PP;1;0
227;0;F√®lix Alonso;F√®lix;Alonso;;felixaltafulla;Alcalde d'Altafulla. Diputat d'@EnComu_Podem.             ;Ps;0;0
228;1;Ester Capella Farr√©;Ester;Capella;Farr√©;estercapella;Advocada, d 'Esquerra Republicana, Diputada al Congr√©s , Senadora (2013-2015). Treballant per esdevenir la p√†tria novella de rels velles             ;ERC;0;0
229;1;Raquel Alonso;Raquel;Alonso;;raquelalonsoher;Arquitecta. Concejala de Alaejos. Diputada de la XII Legislatura por Valladolid por el @PPopular               ;PP;1;0
230;0;Raimundo Viejo Vi√±as;Raimundo;Viejo;Vi√±as;_mundus;Autor, editor, te√≥rico, ciudadano activo, profesor... y en estos momentos diputado de @ahorapodemos por @EnComu_Podem en el Congreso. Surfea, simbionte, surfea!             ;Ps;0;0
231;1;Noelia Vera;Noelia;Vera;;VeraNoelia;Periodista. Portavoz de @ahorapodemos y diputada en el Congreso por C√°diz. Defensora del #DerechoALaInformaci√≥n y los DDHH. La lucha es por una vida digna             ;Ps;0;0
232;0;Toni Rold√°n Mon√©s;Toni;Rold√°n;Mon√©s;toniroldanm;Portavoz de Econom√≠a en Congreso / Secretario de Programas de Cs / Antes @ColumbiaSIPA @LSEEI @eurasiagroup @ecfin / Autor: Recuperar el Futuro con @lugaricano             ;Cs;0;0
233;0;Teodoro Garc√≠a Egea;Teodoro;Garc√≠a;Egea;TeoGarciaEgea;Doctor Ingeniero, tecn√≥logo y pol√≠tico. Diputado PP por Murcia en el Congreso. Judoka,Mountain Biker, Maratoniano y amante de las travesias en la nieve.             ;PP;1;0
234;1;M¬™ Dolores Cospedal;M¬™;Dolores;Cospedal;mdcospedal;Ministra de @Defensagob, secretaria general del @PPopular y presidenta del @PP_CLM             ;PP;1;0
235;1;Bel√©n Bajo;Bel√©n;Bajo;;belenbajo;Periodista. Diputada del @gppopular por Madrid en el @Congreso_Es. Portavoz de #CambioClimatico.Digo lo que pienso y pienso lo que digo. http://www.pp.es¬†             ;PP;1;0
236;1;Merc√® Perea Conillas;Merc√®;Perea;Conillas;MercePerea;Ve√Øna de L'Hospitalet. Diputada Grup Socialista Congr√®s. Portaveu del Pacto de Toledo. He estat regidora de la meva Ciutat             ;PSOE;0;0
237;0;Guillermo D√≠az;Guillermo;D√≠az;;GuillermoLugosi;Mea mihi conscientia pluris est quam omnium sermo             ;Cs;0;0
238;0;Jose Luis Abalos Mec;Jose Luis;Abalos;Mec;abalosmeco;Diputado Nacional, Congreso de los Diputados de Espa√±a. Secretario General Adjunto GPS. Secretario General PSPV-PSOE provincia Valencia             ;PSOE;0;0
239;1;Adriana Lastra;Adriana;Lastra;;Adrilastra;Tercera de cinco hermanas y sobreviv√≠. Riosellana y ovetense. Socialista asturiana en el Congreso de los Diputados.              ;PSOE;0;0
240;0;Miguel √Ångel Heredia;Miguel;√Ångel;Heredia;maherediadiaz;Secretario General del PSOE de M√°laga. Diputado. Secretario General del Grupo Socialista en Cortes Generales.             ;PSOE;0;0
241;1;Micaela Navarro;Micaela;Navarro;;micaela_navarro;Twitter oficial de Micaela Navarro. PSOE             ;PSOE;0;0
242;0;angel luis gonzalez;angel;luis;gonzalez;angeluisgonza;Presidente del @AntequeraCF             ;PP;1;0
243;0;Guillermo Mariscal;Guillermo;Mariscal;;gmariscalanaya;S√≠, lo reconozco, soy liberal.Diputado en el Congreso por Las Palmas.Portavoz de #Energ√≠a Secretario de la Comisi√≥n #AsuntosExteriores #GranCanaria @GPPopular             ;PP;1;0
244;0;Francisco d la Torre;Francisco;de la Torre;;frdelatorre;Diputado de @ciudadanosCs . Miembro de la Ejecutiva nacional.  Presidente de la Comisi√≥n de Presupuestos. Inspector de Hacienda. Autor de ¬øHacienda somos todos?             ;Cs;0;0
245;1;Beatriz Escudero;Beatriz;Escudero;;BeatrizEscu;Diputada @ppopular por Segovia, Portavoz Comis.Calidad Democr√°tica y Lucha contra Corrupci√≥n.Vocal en Comisiones de Constitucional, de Interior, y de Reglamento             ;PP;1;0
246;0;Xavier Dom√®nech;Xavier;Dom√®nech;;XavierDomenechs;Historiador, activista i a voltes moltes altres coses. Ara portaveu i diputat d'@EnComu_Podem al Congr√©s.             ;Ps;0;0
247;1;ana surra;ana;surra;;anasurra;Uruguaiana de naixement i catalana d'adopci√≥. Acollida com a refugiada fugint d'una dictadura, Treballo per fer de Catalunya un pa√≠s lliure, divers i just.             ;PDECAT;0;0
248;0;sergi miquel valenti;sergi;miquel;valenti;sergimiquel;Secretari general de la @jncatalunya - diputat al @congreso_es ---All that is necessary for the triumph of evil is that good men do nothing. E.Burke---             ;PDECAT;0;0
249;0;Juli√°n L√≥pez Milla;Juli√°n;L√≥pez;Milla;JuLMilla;Doctor Ciencias Econ√≥micas. Profesor Titular de Universidad. An√°lisis Econ√≥mico Aplicado en la @UA_Universidad. Diputado del PSOE en el Congreso por Alicante.             ;PSOE;0;0
250;0;Marc Lamu√† Esta√±ol;Marc;Lamu√†;Esta√±ol;MarcLamua;Fent grans a la Ilia i en Lex amb la Carol. Doctor en Arqueologia. Diputat al Congr√©s del PSC Comarques Gironines. Federalista i d'esquerres.             ;PSOE;0;0
251;0;√ìscar Gamazo;√ìscar;Gamazo;;oscargamazo;Valenci√† entre Madrid i La Safor. Diputat del @GPPopular al @Congreso_Es ~ @PP_VAL @ppcv ~ @PPopular             ;PP;1;0
252;0;Juan Ignacio Zoido;Juan;Ignacio;Zoido;zoidoJI;Ministro del @interiorgob. Alcalde de Sevilla 2011-2015. Mis padres me ense√±aron que con trabajo y esfuerzo todo es posible en la vida.             ;PP;1;0
253;0;Emilio del R√≠o;Emilio;del;R√≠o;emilio_delrio;Doctor en Filolog√≠a Cl√°sica por la @Unicomplutense. Profesor Titular en @unirioja. He colaborado en @NEUDC_RNE #VerbaVolant. Diputado @LaRiojaPP en @Congreso_es             ;PP;1;0
254;0;Antonio Glez. Terol;Antonio;Glez.;Terol;Aglezterol;Alcalde de Boadilla del Monte y diputado en el Congreso por Madrid. Vicesecretario pp madrid. Ingeniero Industrial. Padre de tres hijos maravillosos!!!             ;PP;1;0
255;0;Joan RUIZ CARBONELL;Joan;RUIZ;CARBONELL;jruizcarbonell;Tarragon√≠ nascut a Val√®ncia Mestre de Prim√†ria i Llicenciat en Geografia i Hist√≤ria. Membre de l'Executiva del PSC al Camp de Tarragona i Diputat al Congr√©s             ;PSOE;0;0
256;0;C√©sar Luena;C√©sar;Luena;;cesarluena;Doctor por la Universidad de La Rioja. Secretario General del @PSOELaRioja. Diputado por La Rioja. Cuenta administrada por @cesarluena y su equipo.             ;PSOE;0;0
257;0;Sergio Pascual;Sergio;Pascual;;pascualsergio;Diputado por Sevilla en la Comisi√≥n de Fomento y Pacto de Toledo. Consejero Ciudadano de Podemos Andaluc√≠a. Ingeniero de Telecomunicaciones y Antrop√≥logo             ;Ps;0;0
258;0;carlos rojas;carlos;rojas;;CarlosRojas_PPA;Abogado. Portavoz adjunto Grupo Popular En el Congreso de los diputados. Orgulloso de ser espa√±ol,andaluz,granadino y motrile√±o. Siempre hacia delante             ;PP;1;0
259;0;AITOR ESTEBAN;AITOR;ESTEBAN;;AITOR_ESTEBAN;@eajpnv-ren Taldeburua Madrilen. Portavoz Grupo Vasco en el Congreso (EAJ-PNV). Leader of the Basque Group in the Spanish Parliament (EAJ-PNV). PhD in Law.             ;EAJ-PNV;0;0
260;0;Pablo Iglesias;Pablo;Iglesias;;Pablo_Iglesias_;Secretario Gral. de @ahorapodemos y diputado en el Congreso. Profesor honor√≠fico de la UCM. Nadie duda de que este pa√≠s ya ha cambiado. ¬°S√≠ se puede!             ;Ps;0;0
261;0;Ignacio Urquizu;Ignacio;Urquizu;;iurquizu;(Alca√±iz, Teruel) Profesor de Sociolog√≠a en la UCM (en excedencia), Diputado del PSOE por Teruel y portavoz de Universidades. Mis opiniones son s√≥lo m√≠as.             ;PSOE;0;0
262;1;Lourdes Ciuro;Lourdes;Ciuro;;lciuro;"Advocada de professi√≥, faig pol√≠tica per vocaci√≥. Diputada del Partit Dem√≤crata al Congr√©s.  ""Hi ha un lloc a l'infern per les dones que no ajuden altres dones""             ";PDECAT;0;0
263;0;Jos√© Manuel Villegas;Jos√©;Manuel;Villegas;CiudadanoVille;Este es el Twiter de un ciudadano progresista y no nacionalista. Diputado de C's en el Congreso de los Diputados             ;Cs;0;0
264;1;Isabel Rodr√≠guez;Isabel;Rodr√≠guez;;isabelrguez;Soy ciudadana de este mundo. Ahora Diputada socialista por Ciudad Real.             ;PSOE;0;0
265;0;Javier Ant√≥n Cacho;Javier;Ant√≥n;Cacho;javieranton;Diputado en @Congreso_Es por #Soria. Secretario de Organizaci√≥n de @PSOESoria             ;PSOE;0;0
266;0;Guillermo Meij√≥n;Guillermo;Meij√≥n;;guillermomeijon;Mestre. Pedagogo. Orientador escolar.  Deputado Socialista no Congreso.             ;PSOE;0;0
267;1;Silvia Valma√±a;Silvia;Valma√±a;;svalmana;Profesora Titular de Derecho Penal UCLM, madre de cuatro hijos y Diputada del Partido Popular por Guadalajara XI y XII Legislaturas.             ;PP;1;0
268;0;Albert Rivera;Albert;Rivera;;Albert_Rivera;Perfil oficial de Albert Rivera. Presidente de Ciudadanos. Imposible es s√≥lo una opini√≥n.             ;Cs;0;0
269;1;Ana Terr√≥n;Ana;Terr√≥n;;AnaTerron_;Diputada de @ahorapodemos en el Congreso por Granada.Trabajadora social. Pod√©is cortar todas las flores, pero no detendr√©is la primavera              ;Ps;0;0
270;0;Ignasi Candela;Ignasi;Candela;;IgnasiCandela;Economista. Diputat de @Compromis i Portaveu de @JovesIniciativa. Compte gestionat en equip.             ;Ps;0;0
271;0;Diego Clemente C¬¥s;Diego;Clemente;C¬¥s;diego__clemente;Arquitecto y Diputado en el @Congreso_es de @CiudadanosCs por @almeria_cs. Portavoz Pol√≠ticas Integrales para la Discapacidad y Servicios Sociales.             ;Cs;0;0
272;0;Miguel A. Paniagua;Miguel;A.;Paniagua;mapaniagua;Diputado por Palencia. Ex-bancario y ex-Asesor Financiero. Liberal en materia econ√≥mica y en lo dem√°s tambi√©n. El PP es patrimonio inmaterial de Espa√±a             ;PP;1;0
273;1;S√°enz de Santamar√≠a;S√°enz;de;Santamar√≠a;Sorayapp;Vicepresidenta, Ministra de la Presidencia y para las Administraciones Territoriales. Diputada del @PPopular por Madrid.             ;PP;1;0
274;0;Ricardo Garcia Mira;Ricardo;Garcia;Mira;fargmira;Diputado no Congreso polo @PSdeG @PSOE Circunscripci√≥n da Coru√±a. Doutor en Psicolox√≠a e Profesor de Psicolox√≠a Social na Univ. da Coru√±a. Presidente de IAPS.             ;PSOE;0;0
275;0;Juan L√≥pez de Uralde;Juan;L√≥pez;de Uralde;juralde;Diputado en el Congreso por Alava/Araba y Coportavoz Federal de EQUO             ;EQUO;0;0
276;0;Pedro S√°nchez;Pedro;S√°nchez;;sanchezcastejon;Padre. Doctor en Econom√≠a. Militante del @PSOE.             ;PSOE;0;0
277;0;Javier Maroto;Javier;Maroto;;JavierMaroto;Vicesecretario Nacional de Acci√≥n Sectorial del @PPopular y Diputado por #√Ålava en el @Congreso_Es #RutaSocial             ;PP;1;0
278;0;Juan Mar√≠a V√°zquez;Juan;Mar√≠a;V√°zquez;JMVRUM;Aguile√±o, Murciano, apasionado de mi tierra y comprometido con ella. Investigar para Conocer, Conocer para Innovar, Innovar para Crecer.             ;PP;1;0
279;1;Marta Mart√≠n Llaguno;Marta;Mart√≠n;Llaguno;martamartirio;Mam√° de Pablo. Catedr√°tica Comunicaci√≥n Audiovisual y Publicidad. Diputada por Alicante de Cs. Portavoz Educaci√≥n Cs Congreso. Responsable Cs Universidad             ;Cs;0;0
280;0;Joan Mena Arca;Joan;Mena;Arca;joanmena;Les escletxes s√≥n el que ens permet poder veure la llum. Profe inter√≠, ara fent de diputat al Congr√©s d'@encomu_podem. Amb @euia_cat @iunida - Sabadell.             ;Ps;0;0
281;1;Angeles Alvarez;Angeles;Alvarez;;AAlvarezAlvarez;Feminista / Diputada por Madrid - En estos momentos Portavoz del @gps_psoe en la Comisi√≥n de Igualdad  del Congreso /             ;PSOE;0;0
282;1;Aina Vidal #UErgonya;Aina;Vidal;#UErgonya;AinaVS;La llibertat √©s quan comen√ßa l'alba en un dia de vaga general. Diputada al Congr√©s per @encomu_podem Feminista, d'ICV. Let's Rock!             ;Ps;0;0
283;0;Oskar Matute;Oskar;Matute;;oskarmatute;             ;EH-Bildu;0;0
284;0;√ç√±igo Alli;√ç√±igo;Alli;;inigoalli;Casado con Isabel. Pap√° de Cris, Nacho, In√©s y Ana. Mi familia. Por la innovaci√≥n social. Ahora en pol√≠tica por Navarra. Y √©sta es mi opini√≥n personal.             ;UPN;0;0
285;0;pere joan pons;pere;joan;pons;perejoanpons;Mediterrani i pare. He fet moltes voltes pel planeta. ara vull seguir canviant les coses des del @Congreso_ES A por cambios!             ;PSOE;0;0
286;1;Tania S√°nchez Melero;Tania;S√°nchez;Melero;Ainhat;Diplomada en Educaci√≥n Social. Licenciada en Antropolog√≠a. Vecina de Rivas desde los 4 a√±os. Las instituciones, al servicio de la gente             ;Ps;0;0
287;0;antonio hurtado;antonio;hurtado;;AntonioHurtado;Economista. Diputado Socialista por C√≥rdoba en el Congreso             ;PSOE;0;0
288;0;Juanma del Olmo;Juanma;del;Olmo;juanmalpr;Diputado en el Congreso y Secretario de Comunicaci√≥n de @ahorapodemos. Consultor TIC             ;Ps;0;0
289;1;M Gonz√°lez Veracruz;M;Gonz√°lez;Veracruz;mariagv;Bioqu√≠mica.Murciana,mediterr√°nea y madre feliz.Diputada del PSOE en el Congreso por la R. de Murcia.Pasi√≥n por cambiar las cosas.No todos somos iguales.Libre              ;PSOE;0;0
290;0;Jorge Luis;Jorge;Luis;;JorgeLuisBail;Comprometido con la sostenibilidad y fiel a mis principios. Diputado de Unidos Podemos en Com√∫n por el Alto Arag√≥n en el Congreso #NoTTIP #LeyMordaza #DDAA             ;Ps;0;0
291;0;patxilopez;patxilopez;;;patxilopez;             ;PSOE;0;0
292;0;Luis Salvador;Luis;Salvador;;LuisSalvador;Diputado de Cs en el @Congreso_es por Granada. Portavoz de Cs Granada. Ciudadano, analista pol√≠tico y autor de @JaqueAlReyLS. Impulsor #MOVciudadano.             ;Cs;0;0
293;0;Jordi Roca;Jordi;Roca;;jordiroca;Diputado Nacional en el Congreso. #Tarragona. PP. Portavoz adjunto de #Exteriores. Vocal de #Econom√≠a e #Industria y #Cultura.             ;PP;1;0
294;0;carles campuzano;carles;campuzano;;carlescampuzano;Portaveu del @Pdemocratacat al @Congreso_Es i President de la Comissi√≥ de #Discapacitat.Crec la capacitat de la pol√≠tica per fer de Catalunya un pa√≠s millor.             ;PDECAT;0;0
295;0;Jordi Xucl√†;Jordi;Xucl√†;;jordixucla;Olot√≠ entre ciutats. Diputat al Congr√©s per Girona. Partit Dem√≤crata Catal√†. President del grup liberal (ALDE) a l'Assemblea del Consell d'Europa.             ;PDECAT;0;0
296;0;Alberto Garz√≥n;Alberto;Garz√≥n;;agarzon;Economista, Coordinador Federal de @iunida Activista y defensor de los derechos humanos. Autor de 'A pie de esca√±o' (Pen√≠nsula, 2015)             ;IU;0;0
297;0;Cesar Ramos;Cesar;Ramos;;CesarJRamos;Diputado del PSOE por #C√°ceres, Portavoz de Fomento. Autor de #DemocraciaHacker y bloguero en el Huffington Post. Apasionado de la tecnolog√≠a y la colaboraci√≥n.             ;PSOE;0;0
298;0;jlayllon;jlayllon;;;jlayllon;Secretario de Estado de Relaciones con las Cortes y Diputado del PP por Madrid             ;PP;1;0
